{
  "id": "CairnAutomated",
  "title": "Cairn Automated",
  "description": "",
  "authors": [
    {
    "name": "Solenski"
    }
  ],
  "library": false,
  "esmodules": [
    "module.js"
  ],
  "scripts": [

  ],
  "styles": [
    "/styles/module.css"
  ],
  "languages": [
    {
      "lang": "en",
      "name": "English",
      "path": "languages/en.json"
    }
  ],
  "url": "https://github.com/solenski-official/foundry-vtt-cairn-automation",
  "manifest": "https://raw.githubusercontent.com/solenski-official/foundry-vtt-cairn-automation/main/dist/module.json",
  "download": "https://raw.githubusercontent.com/solenski-official/foundry-vtt-cairn-automation/main/CairnAutomated.zip",
  "version": "1.0.0",
  "compatibility": {
    "minimum": "10",
    "verified": "11"
  }
}